Datetime,Water Level (m)
2026-02-23 06:00:00,-5.0768107e-05
2026-02-23 07:00:00,5.5831875e-05
2026-02-23 08:00:00,0.00046947622
2026-02-23 09:00:00,0.0009283658
2026-02-23 10:00:00,0.0013747729
2026-02-23 11:00:00,0.0019108261
2026-02-23 12:00:00,0.0020118216
2026-02-23 13:00:00,0.0016823906
2026-02-23 14:00:00,0.0016625636
2026-02-23 15:00:00,0.001456312
2026-02-23 16:00:00,0.001239731
2026-02-23 17:00:00,0.0008574853
2026-02-23 18:00:00,-0.00018307658
2026-02-23 19:00:00,-0.0005762911
2026-02-23 20:00:00,0.0003996193
2026-02-23 21:00:00,0.0007553974
2026-02-23 22:00:00,0.0009489876
2026-02-23 23:00:00,0.0011286851
2026-02-24 00:00:00,0.0013240225
2026-02-24 01:00:00,0.0015255957
2026-02-24 02:00:00,0.0015873732
2026-02-24 03:00:00,0.0013215534
2026-02-24 04:00:00,0.00116071
2026-02-24 05:00:00,0.00092579774
2026-02-24 06:00:00,0.0012524136
2026-02-24 07:00:00,0.00158951
2026-02-24 08:00:00,0.001975832
2026-02-24 09:00:00,0.0022508258
2026-02-24 10:00:00,0.0026521303
2026-02-24 11:00:00,0.0028560178
2026-02-24 12:00:00,0.002569714
2026-02-24 13:00:00,0.0018158023
2026-02-24 14:00:00,0.0006674737
2026-02-24 15:00:00,-0.0009292984
2026-02-24 16:00:00,-0.0017318669
2026-02-24 17:00:00,-0.0015382083
2026-02-24 18:00:00,-0.0015806172
2026-02-24 19:00:00,-0.0008908235
2026-02-24 20:00:00,-0.00024170104
2026-02-24 21:00:00,4.629131e-05
2026-02-24 22:00:00,0.0005442293
2026-02-24 23:00:00,0.0009118897
2026-02-25 00:00:00,0.0010107624
2026-02-25 01:00:00,0.0014965356
2026-02-25 02:00:00,0.0016324511
2026-02-25 03:00:00,0.0016443935
2026-02-25 04:00:00,0.0019381499
2026-02-25 05:00:00,0.0019199242
2026-02-25 06:00:00,0.001809764
2026-02-25 07:00:00,0.0018039553
2026-02-25 08:00:00,0.002113587
2026-02-25 09:00:00,0.0025307431
2026-02-25 10:00:00,0.0031065752
2026-02-25 11:00:00,0.0032894644
2026-02-25 12:00:00,0.0029358172
2026-02-25 13:00:00,0.0026972904
2026-02-25 14:00:00,0.002099548
2026-02-25 15:00:00,0.0007909994
2026-02-25 16:00:00,-0.0006648449
2026-02-25 17:00:00,-0.0014925307
2026-02-25 18:00:00,-0.0017700524
2026-02-25 19:00:00,-0.0011662183
2026-02-25 20:00:00,0.0001784578
2026-02-25 21:00:00,-0.00040766672
2026-02-25 22:00:00,-0.0005955425
2026-02-25 23:00:00,-0.00019152266
2026-02-26 00:00:00,0.00025209787
2026-02-26 01:00:00,0.00024931625
2026-02-26 02:00:00,0.0006041684
2026-02-26 03:00:00,0.0011137652
2026-02-26 04:00:00,0.0012172125
2026-02-26 05:00:00,0.0016254314
2026-02-26 06:00:00,0.0020761993
2026-02-26 07:00:00,0.0024293207
2026-02-26 08:00:00,0.0027876901
2026-02-26 09:00:00,0.003368098
2026-02-26 10:00:00,0.0037980538
2026-02-26 11:00:00,0.0033732166
2026-02-26 12:00:00,0.0026304435
2026-02-26 13:00:00,0.002641574
2026-02-26 14:00:00,0.0027137033
2026-02-26 15:00:00,0.0021310565
2026-02-26 16:00:00,0.0018076196
2026-02-26 17:00:00,0.0011600597
2026-02-26 18:00:00,-0.00039899407
2026-02-26 19:00:00,-0.0007074207
2026-02-26 20:00:00,0.00037677624
2026-02-26 21:00:00,-0.00042714784
2026-02-26 22:00:00,-0.00059705885
2026-02-26 23:00:00,-0.00086604507
2026-02-27 00:00:00,-0.0006610929
2026-02-27 01:00:00,-0.00021737309
2026-02-27 02:00:00,8.688373e-06
2026-02-27 03:00:00,0.0005192768
2026-02-27 04:00:00,0.0005884377
2026-02-27 05:00:00,0.00020862748
2026-02-27 06:00:00,0.0001716207
2026-02-27 07:00:00,0.00057932147
2026-02-27 08:00:00,0.0011277765
2026-02-27 09:00:00,0.0015754729
2026-02-27 10:00:00,0.0018836575
2026-02-27 11:00:00,0.0022914165
2026-02-27 12:00:00,0.0027134728
2026-02-27 13:00:00,0.0027620634
2026-02-27 14:00:00,0.002170214
2026-02-27 15:00:00,0.0011656696
2026-02-27 16:00:00,0.00018454065
2026-02-27 17:00:00,-0.00093917525
2026-02-27 18:00:00,-0.000792024
2026-02-27 19:00:00,-0.0010014839
2026-02-27 20:00:00,-0.0006324725
2026-02-27 21:00:00,-0.0009596803
2026-02-27 22:00:00,-0.0009966886
2026-02-27 23:00:00,-0.00072346977
2026-02-28 00:00:00,-0.0005116024
2026-02-28 01:00:00,-0.00043719736
2026-02-28 02:00:00,-0.00094492297
2026-02-28 03:00:00,-0.0016004863
2026-02-28 04:00:00,-0.0017664863
2026-02-28 05:00:00,-0.0015483554
2026-02-28 06:00:00,-0.00093078124
2026-02-28 07:00:00,8.645811e-05
2026-02-28 08:00:00,0.00063484337
2026-02-28 09:00:00,0.0008541217
2026-02-28 10:00:00,0.0008737476
2026-02-28 11:00:00,0.000666653
2026-02-28 12:00:00,0.00050099863
2026-02-28 13:00:00,0.0007073901
2026-02-28 14:00:00,0.00048208795
2026-02-28 15:00:00,-0.0012701303
2026-02-28 16:00:00,-0.0028404118
2026-02-28 17:00:00,-0.0015206266
2026-02-28 18:00:00,-0.00068925595
2026-02-28 19:00:00,-0.00021129516
2026-02-28 20:00:00,-0.0009287233
2026-02-28 21:00:00,-0.0009510653
2026-02-28 22:00:00,-0.0008456639
2026-02-28 23:00:00,-0.0013239861
2026-03-01 00:00:00,-0.002166135
2026-03-01 01:00:00,-0.0028169171
2026-03-01 02:00:00,-0.003263699
2026-03-01 03:00:00,-0.0033373907
2026-03-01 04:00:00,-0.002889567
2026-03-01 05:00:00,-0.0021799484
2026-03-01 06:00:00,-0.0016106048
